navn,[]
Buss1,"[[-8.6743589, 41.1819336], [-8.6732968, 41.1809484], [-8.6726316, 41.1804155], [-8.6729964, 41.1796726], [-8.6717196, 41.1795515], [-8.670754, 41.1799471], [-8.6697777, 41.1802055], [-8.6686834, 41.180577], [-8.669885, 41.1801894], [-8.6700889, 41.1808354], [-8.6704, 41.1814329], [-8.6708506, 41.1821112], [-8.6696323, 41.1826265], [-8.6686881, 41.1831433], [-8.667744, 41.1825781], [-8.6663278, 41.1821097], [-8.6657484, 41.1809954], [-8.6673148, 41.180301], [-8.6681088, 41.1788797], [-8.6700614, 41.1784275], [-8.6716064, 41.1779753], [-8.6727436, 41.1771516], [-8.6735161, 41.1760695], [-8.6748035, 41.1754073], [-8.675855, 41.176231], [-8.6749538, 41.1774101], [-8.6744173, 41.1786375], [-8.6757906, 41.1793966], [-8.6774428, 41.1792835], [-8.6792453, 41.1792512]]"
Buss2,"[[-8.6548017, 41.1865317], [-8.6564862, 41.1863783], [-8.6581706, 41.1862895], [-8.6600481, 41.186128], [-8.660091, 41.1868628], [-8.6601447, 41.1876217], [-8.6604344, 41.1883807], [-8.6609815, 41.1889136], [-8.6614858, 41.1893738], [-8.6618935, 41.1899874], [-8.6609923, 41.1902619], [-8.6600696, 41.1904718]]"
Buss3,"[[-8.6715653, 41.1855972], [-8.671619, 41.1851087], [-8.671678, 41.1846243], [-8.6716404, 41.1841721], [-8.6716351, 41.1838411], [-8.6716083, 41.1835342], [-8.6715922, 41.1832395], [-8.6719623, 41.1833122], [-8.6721822, 41.1835302], [-8.6723968, 41.1837321], [-8.6728099, 41.1835827], [-8.6730406, 41.183401], [-8.6732766, 41.1832032], [-8.673518, 41.1829448], [-8.6735609, 41.1826178]]"
